{
	"username": "mmatheusmmacedo@gmail.com",
	"password": "ElZMdtLKDK",
    "services": {
        "anti-captcha.com": "7654fa53928f3423cc4c35ed1fd2a669",
        "vk.com": {
            "appId": ""
        },
        "cacheFlushInterval": 0,
        "proxy": {
            "proxyReboot": "",
            "proxyRebootPause": 0
        },
		"telegram": {        
		"botToken": "5252345172:AAEo3M91QrHMNQwRc-KqlsS_GVnUdLnOQlo",
		"chatId": "5252345172"
        },
        "sms-activate.org": {
            "key": "c012018d2e6c9bb1fe7dbe61590dbAcA"
        },
		"onlinesim.ru": {
            "key": ""
        },
        "vak-sms.com": {
            "key": ""
		},
		"github.com": {        
        "token": "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"   
}
    }
}